001,CEbTRO DE EMPLEO,13285,68,68547,piedecuestaemplea@gmail.com; Empleoyemprendimiento@alcaldiadepiedecuesta.gov.co,CARRERA 6 # 9-98,SI,http://www.alcaldiadepiedecuesta.gov.co/,2020-11-29
001,ACCIÓN DOMESTICAS DE COLOMBIA CALLE 39,14002,11,11001,domesticasdecolombia@gmail.com,CALLE 39 No 15-23 apto 101,SI,http://www.domesticasdecolombia.com,2020-11-29
001,PUNTO DE SERVICIO BARRANQUILLA,14003,05,05001,Daniella.valencia@adecco.com,CARRERA 43A No 23-73 LOCAL 142,SI,http://www.adecco.com.co,2020-11-29
002,PUNTO DE SERVICIO BARRANQUILLA,14003,08,08001,Daniella.valencia@adecco.com,CARRERA 49C No 80-264 LOCAL 4,SI,http://www.adecco.com.co,2020-11-29
003,PUNTO DE SERVICIO BARRANQUILLA,14003,11,11001,Daniella.valencia@adecco.com,AVENIDA CALLE 13 No 65-78,SI,http://www.adecco.com.co,2020-11-29
006,PUNTO DE SERVICIO CARTAGENA,14003,13,13001,Daniella.valencia@adecco.com,PLAZUELA C.C SHOPPING CENTER II LOCAL 8,SI,http://www.adecco.com.co,2020-11-29
007,PUNTO DE SERVICIO MANIZALES,14003,17,17001,Daniella.valencia@adecco.com,CARRERA 23 No 59-26 LOCAL 3,SI,http://www.adecco.com.co,2020-11-29
009,PUNTO DE SERVICIO VILLAVICENCIO,14003,50,50001,Daniella.valencia@adecco.com,"CARRERA 48 No 7-01 LOCAL 9,  CENTRO COMERCIAL LA HACIENDA",SI,http://www.adecco.com.co,2020-11-29
010,PUNTO DE SERVICIO PEREIRA,14003,66,66001,Daniella.valencia@adecco.com,AVENIDA 30 DE AGOSTO No 42-01,SI,http://www.adecco.com.co,2020-11-29
012,PUNTO DE SERVICIOS DE BICARAMANGA,14003,68,68001,Daniella.valencia@adecco.com,CARRERA 27 No 36-38 LOCAL 125,SI,http://www.adecco.com.co,2020-11-29
013,PUNTO DE SERVICIO IBAGUE,14003,73,73001,Daniella.valencia@adecco.com,"CARRERA 5 No 29-32 LOCAL 250 PISO 2, CENTRO COMERCIAL LA QUINTA",SI,http://www.adecco.com.co,2020-11-29
014,PUNTO DE SERVICIO DE CALI,14003,76,76001,Daniella.valencia@adecco.com,CALLE 44 NORTE No 2FN-28 la merced,SI,http://www.adecco.com.co,2020-11-29
015,PUNTO DE SERVICIO PALMIRA,14003,76,76520,Daniella.valencia@adecco.com,CARRERA 28 No 30-19 LOCAL 201,SI,http://www.adecco.com.co,2020-11-29
002,"ARQUIUS COLOMBIA S.A.S (NORMANBROADBENT) A - 41, OFICINA 419",14014,11,11001,mpaula.morales@talengo.com,"CALLE 98 A No. 9A - 41, OFICINA 403",SI,http://www.talengo.com,2020-11-29
001,MAGNETO EMPLEO,14026,00,0000,julia.gonzalez@magneto365.com,www.magnetoempleos.co,SI,www.magnetoempleos.co,2020-11-29
004,PUNTO DE INFORMACIÓN Calle 123 N° 7 – 07oficinas 207 – 303,14066,11,110001,administracion@consultoresorg.com,Calle 123 N° 7 – 07oficinas 207 – 303,SI,www.consultoresorg.com,2020-11-29
005,PUNTO VIRTUAL,14066,00,0000,administracion@consultoresorg.com,(en blanco),SI,www.consultoresorg.com,2020-11-29
003,CRISTINA HERRERA TALENTI SAS,14071,11,11001,cristina.herrera@talenti.com.co; carolina.vargas@talenti.com.co,CALLE 109 No. 18C-17 OFIC. 317,SI,www.talenti.com.co,2020-11-29
001,GENTE ESTRATEGICA DE FORMACIÓN PARA EL TRABAJO CARRERA 57 NO. 72-121,14088,08,08001,pcastillo@grupocaribe.com,Carrera 57 No. 72-121,SI,www.agenciaempleoge.co,2020-11-29
002,GENTE ESTRATEGICA DE FORMACIÓN PARA EL TRABAJO CARRERA 4 NO. 19-85,14088,11,11001,pcastillo@grupocaribe.com,Carrera 4 No. 19-85 Edificio Fenalco,SI,www.agenciaempleoge.co,2020-11-29
003,GENTE ESTRATEGICA DE FORMACIÓN PARA EL TRABAJO ANDIAN OF. 201,14088,13,13001,pcastillo@grupocaribe.com,"Centro Calle Larga # 8B -178 Getsemaní, Oficina 201",SI,www.agenciaempleoge.co,2020-11-29
007,Carrera 38 #4C-47,14088,76,76001,pcastillo@grupocaribe.com,Carrera 38 #4C-47,SI,www.agenciaempleoge.co,2020-11-29
002,IT HUNTERS PUNTO VIRTUAL ,14093,00,00000,carolinatoro@ithunters.co,www.ithunters.com,SI,http://www.ithunters.co,2020-11-29
001,LEADERSEARCH / EL EMPLEO NO. 68B 70,14095,00,00000,aordonez@elempleo.com,https://www.elempleo.com,SI,https://www.elempleo.com,2020-11-29
002,PUNTO VIRTUAL,14096,00,00000,pcabrera@amroptop.com,www.leadership.com.co,SI,www.leadership.com.co,2020-11-29
003,PUNTO DE SERVICIOS,14096,11,11001,pcabrera@amroptop.com,"Calle 113 No 7-45 Torre B, Oficina 506, Edificio Teleport",SI,www.leadership.com.co,2020-11-29
001,LEGISLACION ECONOMICA S.A. - LEGIS-ALIADO LABORAL ALIADOLABORAL.COM,14097,00,00000,angel.quijano@legis.com.co,http://www.aliadolaboral.com,SI,http://www.aliadolaboral.com,2020-11-29
001,LG CONSULTORES AUTOPISTA,14098,11,11001,administracion@lgconsultores.com.co,AUTOPISTA NORTE No 103-34 OFICINA 708,SI,http://www.lgconsultores.com.co/,2020-11-29
001,MANPOWER PROFESSIONAL LTDA RÍO LOCAL 107,14099,05,05045,Juan.garces@manpowergroup.com.co,Calle 99 carrera 104 A 41 Barrio Ortiz,SI,www.manpowergroupcolombia.com,2020-11-29
002,MANPOWER PROFESSIONAL LTDA PRIMER PLANO,14099,05,05001,Juan.garces@manpowergroup.com.co,Calle 52 No 47-42 Oficina 801 edificio coltejer,SI,www.manpowergroupcolombia.com,2020-11-29
003,MANPOWER PROFESSIONAL LTDA EDIFICIO AFFINITY,14099,05,05001,Juan.garces@manpowergroup.com.co,CALLE 6 SUR No 43A-96 OFICINA 806  EDIFICIO AFFINITY,SI,www.manpowergroupcolombia.com,2020-11-29
004,MANPOWER PROFESSIONAL LTDA TRADE CENTER,14099,08,08001,Juan.garces@manpowergroup.com.co,CALLE 76 No 54-11 LOCAL B-15 EDIFICIO WORD TRADE CENTER,SI,www.manpowergroupcolombia.com,2020-11-29
005,MANPOWER PROFESSIONAL LTDA TRADE CENTER,14099,08,08001,Juan.garces@manpowergroup.com.co,CALLE 76 No 54-11 OFICINA 511  EDIFICIO WORD TRADE CENTER,SI,www.manpowergroupcolombia.com,2020-11-29
006,MANPOWER PROFESSIONAL LTDA EDIFICIO CALLE 100,14099,11,11001,Juan.garces@manpowergroup.com.co,Carrera 7 No 113-43 Torre samsung oficina 1202,SI,www.manpowergroupcolombia.com,2020-11-29
007,MANPOWER PROFESSIONAL LTDA CALLE 100 LOCAL 5,14099,11,11001,Juan.garces@manpowergroup.com.co,CALLE 98 No 22-64 EDIFICIO CALLE 100 LOCAL 5,SI,www.manpowergroupcolombia.com,2020-11-29
008,MANPOWER PROFESSIONAL LTDA CALLE 13,14099,11,11001,Juan.garces@manpowergroup.com.co,Calle 26 No 69-76 Torre 1 Piso 11 Edificio Elemento,SI,www.manpowergroupcolombia.com,2020-11-29
009,"MANPOWER PROFESSIONAL LTDA CENTER, OFICINA 306",14099,11,11001,Juan.garces@manpowergroup.com.co,"Avenida 45 Autopista Norte  #97-70 Edificio Porto 100, oficina 80",SI,www.manpowergroupcolombia.com,2020-11-29
010,MANPOWER PROFESSIONAL LTDA BARRIO MANGA,14099,13,13001,Juan.garces@manpowergroup.com.co,"AVENIDA JIMÉNEZ CARRERA 17 No 25-90 EDIFICIO HENRY II, LOCAL 1, BARRIO MANGA",SI,www.manpowergroupcolombia.com,2020-11-29
011,MANPOWER PROFESSIONAL LTDA CARRERA 19,14099,15,15238,Juan.garces@manpowergroup.com.co,CALLE 15 N° 13-56 Oficina 705 EDIFICIO TORRE 15,SI,www.manpowergroupcolombia.com,2020-11-29
012,"MANPOWER PROFESSIONAL LTDA ATALAYA, LOCAL 3",14099,17,17001,Juan.garces@manpowergroup.com.co,Calle 21 No 21-45 of 1101 edificio Milan & Asociados,SI,www.manpowergroupcolombia.com,2020-11-29
013,MANPOWER PROFESSIONAL LTDA MILLENIUM PLAZA,14099,20,20001,Juan.garces@manpowergroup.com.co,CALLE 15 No. 11 A-56 LOCAL 104 MILLENIUM PLAZA,SI,www.manpowergroupcolombia.com,2020-11-29
014,MANPOWER PROFESSIONAL LTDA CARRERA 12,14099,23,23001,Juan.garces@manpowergroup.com.co,Carrera 6 No 65-24 Oficina 303 centro comercial place mall,SI,www.manpowergroupcolombia.com,2020-11-29
015,MANPOWER PROFESSIONAL LTDA BARRIO QUIRINAL,14099,41,41001,Juan.garces@manpowergroup.com.co,"CARRERA 5 No 17 - 14 LOCAL 3. Edificio el parque, BARRIO QUIRINAL",SI,www.manpowergroupcolombia.com,2020-11-29
016,MANPOWER PROFESSIONAL LTDA CENTRO EJECUTIVO,14099,47,47001,Juan.garces@manpowergroup.com.co,CALLE 23 No 4 - 27 LOCAL 228 ED. CENTRO EJECUTIVO,SI,www.manpowergroupcolombia.com,2020-11-29
017,MANPOWER PROFESSIONAL LTDA CENTRO,14099,50,50001,Juan.garces@manpowergroup.com.co,Calle 15 No 39-48 Piso 2 Barrio Balata,SI,www.manpowergroupcolombia.com,2020-11-29
018,MANPOWER PROFESSIONAL LTDA EDIFICIO AUTOCAMBIOS,14099,52,52001,Juan.garces@manpowergroup.com.co,"CALLE 16 A No 39 - 16, LOCAL 7, EDIFICIO AUTOCAMBIOS",SI,www.manpowergroupcolombia.com,2020-11-29
019,MANPOWER PROFESSIONAL LTDA LA PLAYA,14099,54,54001,Juan.garces@manpowergroup.com.co,Avenida 0 A No 12-05 Local 106 Edificio Ingrid,SI,www.manpowergroupcolombia.com,2020-11-29
020,MANPOWER PROFESSIONAL LTDA AVENIDA CIRCUVALAR  No 9,14099,66,66001,Juan.garces@manpowergroup.com.co,AVENIDA CIRCUVALAR  No 9 - 34,SI,www.manpowergroupcolombia.com,2020-11-29
021,MANPOWER PROFESSIONAL LTDA BARRIO CABRERA,14099,68,68001,Juan.garces@manpowergroup.com.co,CARRERA 35 No 46 - 71 barrio cabrera,SI,www.manpowergroupcolombia.com,2020-11-29
022,MANPOWER PROFESSIONAL LTDA ALAMEDA LOCAL 16,14099,73,73001,Juan.garces@manpowergroup.com.co,CALLE 67 No 5-26 CENTRO RESIDENCIAL ALAMEDA LOCAL 16,SI,www.manpowergroupcolombia.com,2020-11-29
023,MANPOWER PROFESSIONAL LTDA PISO 1 OFICINA 102,14099,76,76001,Juan.garces@manpowergroup.com.co,AVENIDA 5A NORTE No 19N - 02 EDIFICIO DONATELO PISO 1 OFICINA 102,SI,www.manpowergroupcolombia.com,2020-11-29
024,MANPOWER PROFESSIONAL LTDA PISO 1 OFICINA 201,14099,76,76001,Juan.garces@manpowergroup.com.co,AVENIDA 5A NORTE No 19 - 02 EDIFICIO DONATELO PISO 1 OFICINA 201,SI,www.manpowergroupcolombia.com,2020-11-29
001,UNIVERSIA VIRTUAL,14107,00,00000,jonatan.mora@universia.net.co; hernan.pinzon@universia.net.co,https://empleos.universia.net.co/,SI,https://empleos.universia.net.co/,2020-11-29
001,Giraldo y asociados Los Rosales,14135,11,11001,pilardegarrido@consultoresdetalento.com,CALLE 70 No. 4-36,SI,www.consultoresdetalento.com,2020-11-29
001,EXECUTIVE ACTION CONSULTING CARRERA,14139,11,11001,diana.nunez@executiveaction.net,Carrera 7D Bis #129-25 Of 603,SI,http://www.executiveaction.net,2020-11-29
002,GERENCIA SELECTA SAS-VIRTUAL,14140,00,00000,asistente_gerencia@gerenciaselecta.com,http://www.gerenciaselecta.com,SI,http://www.gerenciaselecta.com,2020-11-29
003,PUNTO DE SERVICIOS,14151,11,11001,pcabrera@amroptop.com,"Calle 113 No 7-21, Torre A, oficina 505, Edificio Teleport.",SI,www.amroptop.com,2020-11-29
004,PUNTO VIRTUAL,14151,00,00000,pcabrera@amroptop.com,WWW.AMROPTOP.COM,SI,www.amroptop.com,2020-11-29
001,EGON ZEHNDER TORRE A,14159,11,11001,hugo.alvarez@egonzehnder.com; diana.bernal@egonzehnder.com,CARRERA 7 No. 71-52 Ofic. 803 TORRE A,SI,http://www.egonzehnder.com/your-career.html,2020-11-29
001,ARISTOS CONSULTORES DE GERENCIA CARRERA 9 Bogotá,14160,11,11001,lsbotero@aristosweb.com,CARRERA 9 A No. 99-02 Ofic. 405,SI,http://www.aristosweb.com,2020-11-29
002,ARISTOS CONSULTORES DE GERENCIA CARRERA 43,14160,05,05001,lsbotero@aristosweb.com,CARRERA 43 No. 1-50 Ofic. 456,SI,http://www.aristosweb.com,2020-11-29
003,ARISTOS CONSULTORES DE GERENCIA CALLE 77,14160,08,08001,lsbotero@aristosweb.com,CALLE 77 B No. 57-103 OFICINA 809,SI,http://www.aristosweb.com,2020-11-29
004,ARISTOS CONSULTORES DE GERENCIA VIRTUAL,14160,00,00000,lsbotero@aristosweb.com,http://www.aristosweb.com,SI,http://www.aristosweb.com,2020-11-29
001,KORN FERRY INTERNATIONAL COLOMBIA CARRERA 7 ,14163,11,11001,carolina.hurtado2@kornferry.com,CARRERA 7 No. 113-43 OFICINA 1502,SI,HTTP://WWW.KORNFERRY.COM/,2020-11-29
002,PUNTO VIRTUAL,14163,00,00000,carolina.hurtado2@kornferry.com,HTTP://WWW.KORNFERRY.COM/,SI,HTTP://WWW.KORNFERRY.COM/,2020-11-29
001,SPENCER STUART ANDINA CALLE 81,14165,11,11001,apachon@spencestuar.com,Calle 81 No. 11-08 Oficina 701,SI,http://www.spencerstuart.com,2020-11-29
001,ACKERMANN INTERNATIONAL COLOMBIA SAS,14167,11,11001,vlabastidas@ackermanninternational.com,CALLE 100 No. 8-55 TORRE C Ofic. 718,SI,http://www.ackermanninternational.com,2020-11-29
001,CTPARTNERS DE COLOMBIA LTDA BE OFICINA 702,14171,11,11001,mcamelo@kingsleygate.com,CARRERA 10 No. 97 a - 13 TORRE B OFICINA 702,SI,http://www.cpgrouplatam.com.co/,2020-11-29
002,PUNTO VIRTUAL-VINCU,14172,00,00000,andres.cruz@vincuventas.com,https://www.vincuventas.com,SI,http://www.vincuventas.com/,2020-11-29
001,DGNET COLOMBIA/COMPUTRABAJO VIRTUAL,14185,00,00000,davidv@dgnet.ltd.uk,http://www.computrabajo.com,SI,http://www.computrabajo.com,2020-11-29
001,LA RED EMPRESAS UNIDAS VIRTUAL,14209,00,00000,juliomontoya@lared.com.co,http://www.lared.com.co,SI,http://www.lared.com.co,2020-11-29
002,LABORINTOS  VIRTUAL,14211,00,00000,asistente@laborintos.com,www.laborintos.com,SI,www.laborintos.com,2020-11-29
001,INFORED DIGITAL S.A.S VIRTUAL,14218,00,00000,alfonso.umpierrez@realcur.com,http://www.realcur.co,SI,http://www.realcur.co,2020-11-29
001,TICJOB Virtual ,14221,00,00000,Eida.tinjaca@ticjob.co,http://www.ticjob.co,SI,http://www.ticjob.co,2020-11-29
002,MANDO MEDIO,14222,00,00000,avalderrama@mandomedio.com ,http://www.mandomedio.com.co/web/,SI,http://www.mandomedio.com.co/web/,2020-11-29
002,GENTE COMPETENTE EL POBLADO,14224,00,00000,katherin.ramirez@gentecompetente.com,http://www.gentecompetente.com,SI,http://www.gentecompetente.com,2020-11-29
001,LALLEGOPS,14225,11,11001,administrativo@clerkcolombia.com,CARRERA 7 N° 32-29 OFICINA 1502,SI,http://www.clerkcolombia.com/,2020-11-29
002,LALLEGOPV,14225,00,00000,administrativo@clerkcolombia.com,http://www.clerkcolombia.com/,SI,http://www.clerkcolombia.com/,2020-11-29
001,Tasa worldwide-Centro Bogotá,14228,11,11001,nubia.estrada@tasa.com.co,CALLE 72 # 10-70 TORRE A OFICINA 1001,SI,http://www.tasa.com.co,2020-11-29
001,Linajje virtual,14237,00,00000,direccion@applica.uno,http://www.applica.uno,SI,http://www.applica.uno,2020-11-29
003,vinculados punto Medellin,14243,05,05001,gerencia@suestrategia.com.co,CR 43A NO. 34-95 OFIC 801 TORRE SUR DEL CENTRO COMERCIAL ALMACENTRO,SI,http://www.suestrategia.com.co,2020-11-29
002,Globe 24-7 Virtual,14248,11,11001,d.campos@globe24-7.com ,CRA 15 # 93 A 84 OFICINA 204,SI,WWW.GLOBE24-7.COM,2020-11-29
001,DREAMJOB SAS,14279,00,00000,david.penafort@dreamjobs.com.co,https://dreamjobs.com.co/,SI,https://dreamjobs.com.co/,2020-11-29
001,CONTACTO HUMANO GERENCIAL SAS-BOGOTÁ,14285,11,11001,mercedesaristizabal@contactohumano.com.co,CARRERA 47 A # 96-41 OFICINA 303,SI,(en blanco),2020-11-29
001,WOW solutions Virtual,14281,00,00000,katheryne@konempleo.com,www.konempleo.com,SI,www.konempleo.com,2020-11-29
001,Punto virtual talento verde,14292,00,00000,directora@talentoverde.com,http://talentoverde.com,SI,http://talentoverde.com,2020-11-29
001,EL PRESTADOR NO SE ENCUENTRA EN CIPRES,14293,11,11001,cjbohorquez@gestioncompetitiva.com; servicioalcliente@gestioncompetitiva.com ,CARRERA 11 No. 71-41 OFICINA 709,SI,http://www.elempleo.com/co/base-empresarial/gestion-competitiva/17637,2020-11-29
002,EL PRESTADOR NO SE ENCUENTRA EN CIPRES,14293,00,00000,cjbohorquez@gestioncompetitiva.com; servicioalcliente@gestioncompetitiva.com ,http://www.elempleo.com/co/base-empresarial/gestion-competitiva/17637,SI,http://www.elempleo.com/co/base-empresarial/gestion-competitiva/17637,2020-11-29
001,Aesas Apoyo Empresarial-Virtual,14294,00,00000,aesasapoyoempresarialsas@gmail.com,https://generandoempleo.com,SI,https://generandoempleo.com,2020-11-29
001,EL PRESTADOR NO SE ENCUENTRA EN CIPRES,14298,00,00000,heylin.delvillar@keyexecutives.co,https://www.keyexecutives.co,SI,www.keyexecutives.co,2020-11-29
002,EL PRESTADOR NO SE ENCUENTRA EN CIPRES,14298,08,08001,heylin.delvillar@keyexecutives.co,"CRA. 57 # 99 A-65 OFICINA 908 DE LA TORRE SUR, EDIFICIOS TORRES DEL ATLÁNTICO ",SI,www.keyexecutives.co,2020-11-29
001,EL PRESTADOR NO SE ENCUENTRA EN CIPRES,14299,00,00000,claudiaoliveros@a4si.co,http://www.a4si.co/,SI,http://www.a4si.co/,2020-11-29
002,EL PRESTADOR NO SE ENCUENTRA EN CIPRES,14299,11,11001,claudiaoliveros@a4si.co,"Carrera 20 No. 62-61 piso 1, barrio Chapinero",SI,http://www.a4si.co,2020-11-29
001,EL PUNTO NO ESTA CREADO ,14301,11,11001,karevalo@lhramericas.com,Calle 114 A No. 19 A - 05,SI,https://lhr.azurewebsites.net/,2020-11-29
002,EL PUNTO NO ESTA CREADO ,14301,00,00000,karevalo@lhramericas.com,https://lhr.azurewebsites.net/,SI,https://lhr.azurewebsites.net/,2020-11-29
001,http://jobby.com.co/,14295,00,00000,sistemas@jobby.com.co,http://jobby.com.co/,SI,http://jobby.com.co/,2020-11-29
001,ACIERTA,14297,11,11001,info@acierta.info,Carrera 4ª No. 73-71,SI,www.aciertaheadhunter.com,2020-11-29
001,talentop,14300,00,0000,luishurtado@talentop.com.co,www.talentop.com.co,SI,www.talentop.com.co,2020-11-29
001,PUNTO VIRTUAL  ZONA FRANCA,15176,00,00000,trabajaenzfb@zonafrancabogota.com,http://www.trabajaenzonafrancabogota.com,SI,http://www.trabajaenzonafrancabogota.com,2020-11-29
001,ANATO VIRTUAL,15210,00,00000,administrativo@anato.org,https://anato.org/es/agencia-de-colocacion-de-empleo,SI,http://anato.org/es/node/3495,2020-11-29
002,CENTRO DE EMPLEO KUEPA,15210,11,11001,erika.rincon@kuepa.com,CALLE 72 # 13-34,SI,https://www.kuepa.com/co,2020-11-29
001,Asociación cámara de comerciantes LGBT de Colombia,15259,00,00000,director@cclgbt.co,www.talentodiverso.com.co,SI,www.talentodiverso.com.co,2020-11-29
001,FEDERACION COLOMBIANA DE GESTION HUMANA ACRIP-VIRTUAL,15260,00,00000,mercadeo@acripnacional.org,http://portaldeempleos.acripnacional.org,SI,http://portaldeempleos.acripnacional.org,2020-11-29
001,FUNDACIÓN INTERNACIONAL PARA EL DESARROLLO  HUMANO Y EL EMPRENDIMIENTO FUNINDEM,15296,00,00000,coordinacion@puertalaboral.com,www.puertalaboral.com,SI,www.puertalaboral.com,2020-11-29
001,FUNDACOLVEN,15298,00,00000,direcciongeneral@fundacolven.org; empleos@fundacolven.org; presidencia@fundacolven.org; agomezcolombia@fundacolven.org,https://empleos.fundacolven.org,SI,https://empleos.fundacolven.org,2020-11-29
002,EL PUNTO NO ESTA CREADO ,21015,00,00000,direcciondesarrolloprofesional@uniandinos.org.co; uniandinos@uniandinos.org.co,www.elempleo.com/sitios-empresariales/colombia/uniandinos_old/,SI,www.elempleo.com/sitios-empresariales/colombia/uniandinos_old/,2020-11-29
002,PUNTO VIRTUAL RESTRINGIDO,22031,00,00000,estefania.zapatac@urosario.edu.co; ana.novoa@urosario.edu.co,"https://oportunidadeslaborales.urosario.edu.co/colegio-mayor-nuestra-senora-
rosario?v2=true",SI,"https://oportunidadeslaborales.urosario.edu.co/colegio-mayor-nuestra-senora-
rosario?v2=true",2020-11-29
003,CORPORACION UNIVERSIDAD PILOTO DE COLOMBIA VIRTUAL,22068,00,00000,marcela-held@unipiloto.edu.co; egresados@unipiloto.edu.co,http://egresados.unipiloto.edu.co/universidad-piloto?v2=true,SI,http://egresados.unipiloto.edu.co/universidad-piloto?v2=true,2020-11-29
001,CORPORACION UNIVERSITARIA REMINGTON VIRTUAL,22070,00,00000,bcifuentes@uniremington.edu.co,http://tutrabajo.uniremington.edu.co,SI,http://tutrabajo.uniremington.edu.co,2020-11-29
001,EAFIT LA AGUACATALA,22073,00,00000,mmunerag@eafit.edu.co,http://empleo.eafit.edu.co/universidad-eafit-bu,SI,http://empleo.eafit.edu.co/universidad-eafit-bu,2020-11-29
001,ESCUELA COLOMBIANA DE CARRERAS INDUSTRIALES - ECCI CARRERA 19 NO 49-20,22075,00,00000,egresados@ecci.edu.co,http://portaltrabajo.ecci.edu.co/,SI,http://portaltrabajo.ecci.edu.co/,2020-11-29
002,ESCUELA COLOMBIANA DE INGENIERIA JULIO GARAVITO VIRTUAL,22076,00,00000,juliana.moreno@escuelaing.edu.co,https://interlab.eia.edu.co/,SI,https://interlab.eia.edu.co/,2020-11-29
002,Universidad EIA Virtual Restringido,22077,00,00000,catalina.yepes@eia.edu.co,https://interlab.eia.edu.co,SI,https://interlab.eia.edu.co/,2020-11-29
001,FUNDACIÓN UNIVERSITARIA HORIZONTE CALLE 69 ,22080,00,00000,practica@unihorizonte.edu.co,http://www.unihorizonte.edu.co/,SI,http://www.elempleo.com/co/sitio-empresarial/fundacion-universitaria-horizonte,2020-11-29
003,FUNDACION UNIVERSIDAD DE BOGOTÁ JORGE TADEO LOZANO VIRTUAL,22085,00,00000,yennym.prietot@utadeo.edu.co,http://ofertaslaborales.utadeo.edu.co/candidatos,SI,http://ofertaslaborales.utadeo.edu.co/candidatos,2020-11-29
001,punto con atención restringida carrera 9 a,22086,11,11001,ingridt.fuentesa@konradlorenz.edu.co; serviciosgraduados@konradlorenz.edu.co,CARRERA 9Bis No 62-43 CHAPINERO,SI,https://www.elempleo.com/sitios-empresariales/colombia/bu_konrad_lorenz/indez.asp,2020-11-29
002,FUNDACION UNIVERSITARIA  KONRAD LORENZ VIRTUAL,22086,00,00000,ingridt.fuentesa@konradlorenz.edu.co; serviciosgraduados@konradlorenz.edu.co,https://www.elempleo.com/sitios-empresariales/colombia/bu_konrad_lorenz/indez.asp,SI,https://www.elempleo.com/sitios-empresariales/colombia/bu_konrad_lorenz/indez.asp,2020-11-29
003,POLITECNICO GRAN COLOMBIANO VIRTUAL,22102,00,00000,lmcuellart@poligran.edu.co,http://ofertaslaborales.poligran.edu.co/sitios-empresariales/colombia/politecnico-grancolombiano/,SI,http://ofertaslaborales.poligran.edu.co/sitios-empresariales/colombia/politecnico-grancolombiano/,2020-11-29
003,PONTIFICIA UNIVERSIDAD JAVERIANA VIRTUAL,22103,00,00000,INGRID-REDONDO@JAVERIANA.EDU.CO,https://empleoegresados.javeriana.edu.co/#/reports,SI,www.javeriana.edu.co/egresados,2020-11-29
001,UNIEMPRESARIAL VIRTUAL,22104,00,00000,egresados@uniempresarial.edu.co; marodriguez@uniempresarial.edu.co,http://bolsadeempleo.uniempresarial.edu.co,SI,http://bolsadeempleo.uniempresarial.edu.co,2020-11-29
002,FUNDACION UNIVERSIDAD AUTÓNOMA DE COLOMBIA VIRTUAL,22105,00,00000,socioeconomica@fuac.edu.co,http://oportunidadlaboral.fuac.edu.co,SI,http://oportunidadlaboral.fuac.edu.co,2020-11-29
002,UNICIENCIA VIRTUAL,22106,00,00000,bienestar@uniciencia.edu.co,"
https://jobboard.universia.net/tutrabaj",SI,https://jobboard.universia.net/tutrabajouniciencia,2020-11-29
001,UNIVERSIDAD DE CALDAS VIRTUAL,22107,00,00000,yorlady.medina@ucaldas.edu.co/federico.fernandez@ucaldas.edu.co,http://portaltrabajo.ucaldas.edu.co,SI,http://portaltrabajo.ucaldas.edu.co,2020-11-29
001,UNIVERSIDAD  SERGIO ARBOLEDA,22108,00,00000,lina.zambranov@usa.edu.co,https://ofertaslaborales.usergioarboleda.edu.co/,SI,https://ofertaslaborales.usergioarboleda.edu.co/,2020-11-29
002,UNIVERSIDAD ANTONIO NARIÑO VIRTUAL,22109,00,00000,egresados@uan.edu.co; desarrollo.laboral@uan.edu.co,https://www.elempleo.com/co/sitio-empresarial/universidad-antonio-narino,SI,https://www.elempleo.com/co/sitio-empresarial/universidad-antonio-narino,2020-11-29
002,U. AUTONOMA DE OCCIDENTE ,22110,00,00000,cxgarcia@uao.edu.co,http://empleabilidad.uao.edu.co,SI,http://empleabilidad.uao.edu.co,2020-11-29
002,Universidad Autonoma de Bucaramanga-Virtual Restringido,22111,00,00000,mperalta@unab.edu.co; graduados@unab.edu.co,www.unab.edu.co/graduados,SI,www.unab.edu.co/graduados,2020-11-29
001,UNIVERSIDAD CATOLICA DE COLOMBIA - VIRTUAL,22112,00,00000,empleabilidad@ucatolica.edu.co; egresados@ucatolica.edu.co ,http://mitrabajo.ucatolica.edu.co,SI,http://mitrabajo.ucatolica.edu.co,2020-11-29
002,UNIVERSIDAD CATOLICA DE ORIENTE VIRTUAL-ANTIOQUIA,22113,00,00000,egresado.jefe@uco.edu.co,http://trabajemos.uco.edu.co/,SI,http://trabajemos.uco.edu.co/,2020-11-29
001,UNIVERSIDAD CES VIRTUAL,22114,00,00000,mlopera@ces.edu.co,http://ofertaslaborales.ces.edu.co,SI,http://ofertaslaborales.ces.edu.co,2020-11-29
002,UNIVERSIDAD DE CIENCIAS APLICADAS Y AMBIENTALES U.D.C.A.,22116,00,00000,egresados@udca.edu.co,http://tutrabajo.udca.edu.co,SI,http://tutrabajo.udca.edu.co,2020-11-29
001,UNIVERSIDAD DE LA SABANA KM 7 AUTOPISTA NORTE,22117,00,00000,ella.caceres@unisabana.edu.co,http://portalempleo.alumni.unisabana.edu.co,SI,http://WWW.UNISABANA.EDU.CO/UNIDADES/ALUMNI-SABANA/PORTAL-DEL-EMPLEO,2020-11-29
002,PUNTO RESTRINGIDO UNISABANA,22117,25,25175,ella.caceres@unisabana.edu.co,"Campus del Puente del
Común Km. 7, Autopista
Norte de Bogotá Chía,
Cundinamarca- Colombia
Edificio A, primer piso.",SI,http://WWW.UNISABANA.EDU.CO/UNIDADES/ALUMNI-SABANA/PORTAL-DEL-EMPLEO,2020-11-29
002,UNIVERSIDAD DE LOS ANDES,22118,00,00000,mc.venegas587@uniandes.edu.co,http://ctp.uniandes.edu.co,SI,https://interlab.eia.edu.co/,2020-11-29
001,UNIVERSIDAD DEL ATLÁNTICO ANTIGUA VÍA A PUERTO COLOMBIA,22119,00,00000, oscarmarriaga@mail.uniatlantico.edu.co,http://tutrabajo.uniatlantico.edu.co,SI,http://tutrabajo.uniatlantico.edu.co,2020-11-29
001,UNIVERSIDAD DEL NORTE CAMPUS UNIVERSITARIO,22120,08,08001,kchamie@uninorte.edu.co; empleoegresado@uninorte.edu.co; gcindy@uninorte.edu.co,Bloque Administrativo No.2 -Campus Universitario Km 5 Vía Puerto Colombia Área Metropolitana de Barranquilla - Atlántico,SI,https://uninorte-csm.symplicity.com/,2020-11-29
002,UNIVERSIDAD DEL NORTE VIRTUAL,22120,00,00000,kchamie@uninorte.edu.co; empleoegresado@uninorte.edu.co; gcindy@uninorte.edu.co,https://uninorte-csm.symplicity.com/,SI,https://uninorte-csm.symplicity.com/,2020-11-29
001,UNIVERSIDAD INDUSTRIAL DE SANTANDER VIRTUAL,22122,00,00000,empleoegresados@uis.edu.co,http://www.empleos.uis.edu.co/,SI,http://www.empleos.uis.edu.co/,2020-11-29
002,UNIVERSIDAD PASCUAL BRAVO,22123,00,00000,melissa.correa@pascualbravo.edu.co; atencionalegresado@pascualbravo.edu.co,https://pascualbravo.edu.co/egresados/bolsa-de-empleo,SI,https://pascualbravo.edu.co/egresados/bolsa-de-empleo,2020-11-29
005,UNIVERSIDAD PONTIFICIA BOLIVARIANA,22124,00,00000,lucia.toro@upb.edu.co; egresado@upb.edu.co,http://trabajando.upb.edu.co,SI,http://trabajando.upb.edu.co,2020-11-29
005,PUNTO VIRTUAL RESTRINGIDO -BOGOTÁ,22125,00,00000,bolsadeempleo@usbmed.edu.co; egresados@usbmed.edu.co,http://bolsadeempleo.usbcali.edu.co/sitios-empresariales/colombia/usb-cali/,SI,https://www.elempleo.com/sitios-empresariales/colombia/universidad-san-buenaventura/,2020-11-29
006,PUNTO VIRTUAL RESTRINGIDO-CALI,22125,00,00000,bolsadeempleo@usbmed.edu.co; egresados@usbmed.edu.co,http://bolsadeempleo.usbbog.edu.co/sitios-empresariales/colombia/usb-bogota/,SI,https://www.elempleo.com/sitios-empresariales/colombia/universidad-san-buenaventura/,2020-11-29
007,PUNTO VIRTUAL RESTRINGIDO- CARTAGENA,22125,00,00000,bolsadeempleo@usbmed.edu.co; egresados@usbmed.edu.co,http://tutrabajo.usbcartagena.edu.co,SI,https://www.elempleo.com/sitios-empresariales/colombia/universidad-san-buenaventura/,2020-11-29
008,PUNTO VIRTUAL RESTRINGIDO-MEDELLIN,22125,00,00000,bolsadeempleo@usbmed.edu.co; egresados@usbmed.edu.co,http://trabajando.usbmed.edu.co/,SI,https://www.elempleo.com/sitios-empresariales/colombia/universidad-san-buenaventura/,2020-11-29
003,Punto virtual,22126,00,00000,dgutierrez@unisimonbolivar.edu.co; lvillanueva9@unisimonbolivar.edu.co,http://portaltrabajo.unisimonbolivar.edu.co,SI,http://portaltrabajo.unisimonbolivar.edu.co,2020-11-29
002,UNIVERSIDAD DE MANIZALES VIRTUAL,22129,00,00000,graduados@umanizales.edu.co// chala@umanizales.edu.co,http://ofertalaboral.umanizales.edu.co,SI,http://ofertalaboral.umanizales.edu.co,2020-11-29
006,UNI SANTO THOMAS,22130,00,00000,dir.egresados@usantotomas.edu.co; egresados@usantotomas.edu.co,http://portaltrabajo.usantotomas.edu.co/universidad-santo-tomas,SI,http://portaltrabajo.usantotomas.edu.co/universidad-santo-tomas,2020-11-29
001,FUNDACIÓN UNIVERSIDAD DE AMÉRICA www,22131,00,00000,ofiegresados@uamerica.edu.co,https://www.uamerica.edu.co/egresados/oportunidades-laborales/,SI,https://www.uamerica.edu.co/egresados/oportunidades-laborales/,2020-11-29
001,CORPORACIÓN UNIVERSITARIA MINUTO DE DIOS-UNIMINUTO TORRE B,22133,11,11001,gina.santana@uniminuto.edu,TRANSVERSAL 75 A No. 81 i 16 BARRIO MINUTO DE DIOS,SI,http://empleabilidad.uniminuto.edu,2020-11-29
002,CORPORACIÓN UNIVERSITARIA MINUTO DE DIOS-UNIMINUTO AVENIDA 5B,22133,76,76001,gina.santana@uniminuto.edu,CARRERA 25 # 2-01 PISO 2,SI,http://empleabilidad.uniminuto.edu,2020-11-29
003,CORPORACIÓN UNIVERSITARIA MINUTO DE DIOS-UNIMINUTO MEDELLÍN-BOGOTÁ,22133,05,05088,gina.santana@uniminuto.edu,CARRERA 45 No. 22 D-25 KM 0 AUTOPISTA MEDELLÍN-BOGOTÁ,SI,http://empleabilidad.uniminuto.edu,2020-11-29
004,CORPORACIÓN UNIVERSITARIA MINUTO DE DIOS-UNIMINUTO CALLE 68,22133,11,11001,gina.santana@uniminuto.edu,Carrera 24 No 45 a 71 sur. 1° piso,SI,http://empleabilidad.uniminuto.edu,2020-11-29
005,CORPORACIÓN UNIVERSITARIA MINUTO DE DIOS-UNIMINUTO LAS BETHLEMITAS,22133,68,68001,gina.santana@uniminuto.edu,CALLE 28 # 21-41 SEGUNDO PISO,SI,http://empleabilidad.uniminuto.edu,2020-11-29
007,CORPORACIÓN UNIVERSITARIA MINUTO DE DIOS-UNIMINUTO CARRERA,22133,25,25307,gina.santana@uniminuto.edu,CARRERA 9 No 34-98,SI,http://empleabilidad.uniminuto.edu,2020-11-29
008,CORPORACIÓN UNIVERSITARIA MINUTO DE DIOS-UNIMINUTO CALLE 40,22133,50,50001,gina.santana@uniminuto.edu,CALLE 40 No. 33a-19 Barrio Centro ,SI,http://empleabilidad.uniminuto.edu,2020-11-29
010,Uniminuto Chacalá,22133,73,73001,gina.santana@uniminuto.edu,CALLE 87 No. 20-98 Barrio Chicalá,SI,http://empleabilidad.uniminuto.edu,2020-11-29
011,UNIMINUTO BARRIO QUIRINAL,22133,41,41001,gina.santana@uniminuto.edu,CALLE 18 # 5A - 31 BARRIO QUIRINAL ,SI,http://empleabilidad.uniminuto.edu,2020-11-29
013,"Centro Progresa EPE-ZIPAQUIRA Avenida Carrera 15 No 1a-22 SUR, BARRIO LA FRAGUITA",22133,25,25899,gina.santana@uniminuto.edu,"Centro Progresa EPE-ZIPAQUIRA Avenida Carrera 15 No 1a-22 SUR, BARRIO LA FRAGUITA",SI,http://empleabilidad.uniminuto.edu,2020-11-29
014,UNIMINUTO- PEREIRA,22133,25,25430,gina.santana@uniminuto.edu,"Centro Regional Madrid UNIMINUTO CALLE 7 No 3-58/60, BARRIO VERGEL",SI,http://empleabilidad.uniminuto.edu,2020-11-29
015,UNIMINUTO-BUCARAMANGA,22133,25,25754,gina.santana@uniminuto.edu,TRANSVERSAL 5 No 5 G 95 LAGOS DE MALIBÚ,SI,http://empleabilidad.uniminuto.edu,2020-11-29
016,CARRERA 9 N 20-54,22133,66,66001,gina.santana@uniminuto.edu,CARRERA 9 N 20-54,SI,http://empleabilidad.uniminuto.edu,2020-11-29
017,Carrera 27 N 18-26,22133,11,11001,gina.santana@uniminuto.edu,DIAGONAL 81 D # 72 C-21,SI,http://empleabilidad.uniminuto.edu,2020-11-29
018,CARRERA 27 # 18-26,22133,52,52001,gina.santana@uniminuto.edu,CARRERA 27 # 18-26,SI,http://empleabilidad.uniminuto.edu,2020-11-29
019,PUNTO VIRTUAL RESTRINGIDO,22133,00,00000,gina.santana@uniminuto.edu,http://empleabilidad.uniminuto.edu,SI,http://empleabilidad.uniminuto.edu,2020-11-29
020,PUNTO VIRTUAL RESTRINGIDO,22133,00,00000,gina.santana@uniminuto.edu,http://empleabilidad.uniminuto.edu,SI,http://empleabilidad.uniminuto.edu,2020-11-29
021,PUNTO VIRTUAL RESTRINGIDO,22133,00,00000,gina.santana@uniminuto.edu,http://empleabilidad.uniminuto.edu,SI,http://empleabilidad.uniminuto.edu,2020-11-29
002,"UNIVERSIDAD ICESI CALLE CALLE 18 No. 122-135, BARRIO PANCE",22136,00,00000,lmmontenegro@icesi.edu.co,www.icesi.edu.co,SI,http://www.icesi.edu.co/cedep/bolsa_de_empleo.php,2020-11-29
001,FUNDACIÓN UNIVERSITARIA CATÓLICA LUMEN GENTIUM EDU.CO/,22141,00,00000,egresados@unicatolica.edu.co,https://www.elempleo.com/sitios-empresariales/colombia/unicatolica/,SI,https://www.elempleo.com/sitios-empresariales/colombia/unicatolica/,2020-11-29
001,UNIVERSIDAD EL BOSQUE VIRTUAL,22147,00,00000,egresados@unbosque.edu.co,http://www.elempleo.com/sitios-empresariales/Colombia/universidad-el-bosque/index.asp,SI,http://www.elempleo.com/sitios-empresariales/Colombia/universidad-el-bosque/index.asp,2020-11-29
050,PUNTO VIRTUAL RESTRINGIDO,22153,00,00000,juan_virguez@cun.edu.co/nidia_rueda@cun.edu.co,http://www.elempleo.com/sitiosempresariales/colombia/corporacion-unificada-nacional-cun/,SI,https://www.elempleo.com/sitios-empresariales/colombia/corporacion-unificada-nacional-cun/,2020-11-29
002,PUNTO VIRTUAL BOLSA LIBERTADORES,22154,00,00000,carolina.garzon@libertadores.edu.co,https://www.ulibertadores.edu.co/vicerrectoria-proyeccion-social-relaciones-interinstitucionales/egresados/bolsa-empleo/,SI,https://www.ulibertadores.edu.co/vicerrectoria-proyeccion-social-relaciones-interinstitucionales/egresados/bolsa-empleo/,2020-11-29
004,FUNDACIÓN UNIVERSITARIA DEL ÁREA ANDINA VIRTUAL,22155,00,00000,gcastro12@areandina.edu.co,http://bolsadeempleo.areandina.edu.co/fundacion-universitaria-area-andina,SI,http://bolsadeempleo.areandina.edu.co/fundacion-universitaria-area-andina,2020-11-29
002,VIRTUAL,22157,00,00000,jdpaez@fucsalud.edu.co,http://miempleo.fucsalud.edu.co,SI,http://miempleo.fucsalud.edu.co,2020-11-29
002,Punto Virtual Restringido Antioquia-Medellín,22158,00,00000,ana.saldarriaga@salazaryherrera.edu.co ,https://empleosiush.trabajando.com.co,SI,http://empleosiush.trabajando.com.co,2020-11-29
002,CORPORACIÓN UNIVERSIDAD DE LA COSTA CALLE 58 ,22162,00,00000,lsilvera1@cuc.edu.co,http://cucjobs.cuc.edu.co/,SI,http://cucjobs.cuc.edu.co/,2020-11-29
001,UNIVERSIDAD EAN VIRTUAL,22166,00,00000,mfernandezg@universidadean.edu.co,http://oportunidadeslaborales.universidadean.edu.co/universidad-ean,SI,http://oportunidadeslaborales.universidadean.edu.co/universidad-ean,2020-11-29
001,UNIVERSIDAD NACIONAL ABIERTA Y A DISTANCIA UNAD VIRTUAL,22168,00,00000,visae@unad.edu.co,http://ofertaslaboralesunad.edu.co,SI,https://ofertaslaborales.unad.edu.co/sitios-empresariales/colombia/universidad-nacional-abierta-distancia/,2020-11-29
001,POLITÉCNICO INTERNACIONAL VIRTUAL,22170,00,00000,mariajuliana.marroquin@pi.edu.co,http://bolsadeempleo.politecnicointernacional.edu.co/,SI,http://bolsadeempleo.politecnicointernacional.edu.co/,2020-11-29
001,UNIDAD CENTRAL DEL VALLE DEL CAUCA VIRTUAL,22174,00,00000,lvgutierrez@uceva.edu.co,http://www.uceva.edu.co/index.php/servicios-uceva/bolsa-empleo,SI,www.uceva.edu.co/gradudos,2020-11-29
002,Fundación Universidad Externado de Colombia-Virtual Restringido,22177,00,00000,ofiegresados@uexternado.edu.co,http://bolsadeempleo.uexternado.edu.co,SI,http://bolsadeempleo.uexternado.edu.co,2020-11-29
001,UNIVERSIDAD CATÓLICA DE MANIZALES CARRERA 23 NO 60-63,22183,00,00000,ffernandez@ucm.edu.co,http://trabajando.ucm.edu.co,SI,http://trabajando.ucm.edu.co,2020-11-29
001,UNIVERSIDAD NACIONAL DE COLOMBIA VIRTUAL,22184,00,00000,nacontrerasg@unal.edu.co,http://egresadosnacional.unal.edu.co/,SI,http://egresadosnacional.unal.edu.co/,2020-11-29
003,INSTITUCIÓN UNIVERSITARIA ITM,22186,00,00000,jhontabera@itm.edu.co; jhontabera10@hotmail.es,http://bolsadeempleo.itm.edu.co/,SI,http://bolsadeempleo.itm.edu.co/,2020-11-29
002,FUNDACIÓN EDUCATIVA CESDE VIRTUAL RESTRINGIDO,22190,00,00000,bolsadeempleo@fundacioncesde.org,http://ofertaslaborales.fundacioncesde.org/,SI,http://ofertaslaborales.fundacioncesde.org/,2020-11-29
002,FUNDACIÓN UNIVERSITARIA CEIPA VIRTUAL,22193,00,00000,luz.martinez@ceipa.edu.co,http://empleosceipa.trabajando.com.co,SI,https://www.elempleo.com/sitios-empresariales/colombia/ceipa/,2020-11-29
001,FUNDACIÓN UNIVERSITARIA MARIA CANO VIRTUAL,22203,00,00000,jairo.meneses@fumc.edu.co,http://tuempleo.fumc.edu.co,SI,http://tuempleo.fumc.edu.co,2020-11-29
002,Universidad la gran colombia,22205,00,00000,egresadosugc@ugc.edu.co; graduadosgrancolombianos@ugc.edu.co,http://bolsadeempleo.ugc.edu.co,SI,http://www.ugc.edu.co,2020-11-29
002,UNIAGUSTINIANA VIRTUAL,22207,00,00000,empleabilidad@uniagustiniana.edu.co; proyeccionsocial@uniagustiniana.edu.co,https://empleo.uniagustiniana.edu.co/universitaria-agustiniana,SI,https://empleo.uniagustiniana.edu.co/universitaria-agustiniana,2020-11-29
001,UNIVERSIDAD CENTRAL VIRTUAL,22210,00,00000,fcuevasu@ucentral.edu.co ,www.ucentral.edu.co,SI,https://www.elempleo.com/sitios-empresariales/colombia/universidad-central/,2020-11-29
001,FUNDACIÓN UNIVERSITARIA SANITAS VIRTUAL,22211,00,00000,jnavarro@colsanitas.com,http://bolsadeempleo.unisanitas.edu.co/,SI,http://bolsadeempleo.unisanitas.edu.co/,2020-11-29
001,INSTITUCIÓN UNIVERSITARIA COLOMBO AMERICANA-ÚNICA VIRTUAL,22212,00,00000,kaithie.ramirez@unica.edu.co,http://oportunidadeslaborales.unica.edu.co,SI,http://oportunidadeslaborales.unica.edu.co,2020-11-29
001,Virtual,22213,00,00000,margarita.salinas@ibero.edu.co,http://yotrabajo.iberoamericana.edu.co,SI,http://yotrabajo.iberoamericana.edu.co,2020-11-29
001,CORPORACIÓN UNIVERSITARIA  AMERICANA,22214,00,00000,egresadosypracticas@coruniamericana.edu.co,http://trabajando.americana.edu.co,SI,http://trabajando.americana.edu.co,2020-11-29
001,ITSA,22215,00,00000,vsanchez@itsa.edu.co,http://trabajando.itsa.edu.co,SI,http://trabajando.itsa.edu.co,2020-11-29
001,UNIVERSIDAD DEL CAUCA,22218,00,00000,jvarona@unicauca.edu.co,http://oportunidadeslaborales.portal.unicauca.edu.co,SI,http://oportunidadeslaborales.portal.unicauca.edu.co,2020-11-29
001,Punto virtual,22219,00,00000,anunez@uniguajira.edu.co/orlamofu@uniguajira.edu.co,http://uniguajira.edu.co,SI,http://tutrabajo.uniguajira.edu.co/,2020-11-29
001,UNIVERSIDAD MILITAR NUEVA GRANADA VIRTUAL,22220,00,00000,alexander.mayorga@unimilitar.edu.co,www.elempleo.com/sitios-empresariales/colombia/u_militar13/index.asp,SI,www.elempleo.com/sitios-empresariales/colombia/u_militar13/index.asp,2020-11-29
002,UNIVERSIDAD DEL VALLE VIRTUAL,22221,00,00000,Programa.egesados@correounivalle.edu.co; Bolsadeempleo.egresados@correunivalle.edu.co,https://sige.univalle.edu.co,SI,https://sige.univalle.edu.co,2020-11-29
001,MEDELLÍN,22223,05,05001,reina.duque@ucc.edu.co,CALLE 50 No 41-70 BLOQUE 2,SI,https://www.elempleo.com/sitios-empresariales/colombia/universidad-cooperativa-colombia/,2020-11-29
002,NACIONAL,22223,00,00000,reina.duque@ucc.edu.co,http://www.alumniunab.cl/alumni/historias-alumni#sthash.1luGtZEs.dpuf                                         ,SI,https://www.elempleo.com/sitios-empresariales/colombia/universidad-cooperativa-colombia/,2020-11-29
003,PEREIRA,22223,66,66001,reina.duque@ucc.edu.co,"COMPLEJO EDUCATIVO LA JULITA, FRENTE A LA CANCHA DE LA UTP. Pereira",SI,https://www.elempleo.com/sitios-empresariales/colombia/universidad-cooperativa-colombia/,2020-11-29
004,IBAGUÉ,22223,73,73001,reina.duque@ucc.edu.co,CALLE 10 # 1 -120 EDIFICIO URRUTÍA.,SI,https://www.elempleo.com/sitios-empresariales/colombia/universidad-cooperativa-colombia/,2020-11-29
006,NEIVA,22223,41,41001,reina.duque@ucc.edu.co,Calle 11 # 1  - 51,SI,https://www.elempleo.com/sitios-empresariales/colombia/universidad-cooperativa-colombia/,2020-11-29
007,BUCARAMANGA,22223,68,68001,reina.duque@ucc.edu.co,CALLE 30 A # 33 -51,SI,https://www.elempleo.com/sitios-empresariales/colombia/universidad-cooperativa-colombia/,2020-11-29
008,ARAUCA,22223,81,81001,reina.duque@ucc.edu.co,CARRERA 12 # 21-70 BARRIO UNIÓN ,SI,https://www.elempleo.com/sitios-empresariales/colombia/universidad-cooperativa-colombia/,2020-11-29
009,BARRANCABERMEJA,22223,68,68081,reina.duque@ucc.edu.co,CALLE 57 ENTRE CARRERAS 24 Y 27 BARRIO GALÁN,SI,https://www.elempleo.com/sitios-empresariales/colombia/universidad-cooperativa-colombia/,2020-11-29
010,VILLAVICENCIO,22223,50,50001,reina.duque@ucc.edu.co,CARRERA 22 #7 -06 SUR BARRIO LA ROSITA,SI,https://www.elempleo.com/sitios-empresariales/colombia/universidad-cooperativa-colombia/,2020-11-29
011,SANTA MARTA,22223,47,47001,reina.duque@ucc.edu.co,CARRETERA TRONCAL DEL CARIBE SECTOR MAMATOCO,SI,https://www.elempleo.com/sitios-empresariales/colombia/universidad-cooperativa-colombia/,2020-11-29
012,MONTERÍA,22223,23,23001,reina.duque@ucc.edu.co,CALLE 52a # 6-79 BARRIO LA CASTELLANA,SI,https://www.elempleo.com/sitios-empresariales/colombia/universidad-cooperativa-colombia/,2020-11-29
013,APARTADÓ,22223,05,05045,reina.duque@ucc.edu.co,CALLE 91 # 96 A -55 BARRIO MANZANARES,SI,https://www.elempleo.com/sitios-empresariales/colombia/universidad-cooperativa-colombia/,2020-11-29
014,BOGOTÁ,22223,11,11001,reina.duque@ucc.edu.co,CALLE 39 No 14-18/Bloque 10,SI,https://www.elempleo.com/sitios-empresariales/colombia/universidad-cooperativa-colombia/,2020-11-29
015,CALI,22223,76,76001,reina.duque@ucc.edu.co,CARRERA73 # 2 A -80 BLOQUE 2,SI,https://www.elempleo.com/sitios-empresariales/colombia/universidad-cooperativa-colombia/,2020-11-29
016,PASTO,22223,52,52001,reina.duque@ucc.edu.co,CALLE 18 # 47 - 150 TOROBAJO,SI,https://www.elempleo.com/sitios-empresariales/colombia/universidad-cooperativa-colombia/,2020-11-29
017,POPAYÁN,22223,19,19001,reina.duque@ucc.edu.co,CARRERA 9na 22n 40 BARRIO CIUDAD JARDIN,SI,https://www.elempleo.com/sitios-empresariales/colombia/universidad-cooperativa-colombia/,2020-11-29
018,QUIBDÓ,22223,27,27001,reina.duque@ucc.edu.co,Calle 30 #41-70,SI,https://www.elempleo.com/sitios-empresariales/colombia/universidad-cooperativa-colombia/,2020-11-29
001,Francisco de Paula Santander-Punto Virtual,22225,00,00000,oficinaegresados@ufps.edu.co / vicebienestar@ufps.edu.co,http://tutrabajo.ufps.trabajando.com.co,SI,http://tutrabajo.ufps.trabajando.com.co,2020-11-29
001,IVERSIDAD SURCOLOMBIANA  VIRTUAL,22227,00,00000,cristian.murcia@usco.edu.co,http://laborando.usco.edu.co,SI,http://laborando.usco.edu.co,2020-11-29
001,Universidad Mariana-Virtual,22230,00,00000,egresados@umariana.edu.co,http://trabajo.umariana.edu.co/,SI,http://trabajo.umariana.edu.co/,2020-11-29
001,JUAN DE CASTELLANOS,22236,00,00000,egresados@jdc.edu.co,http://portaltrabajo.jdc.edu.co/,SI,http://portaltrabajo.jdc.edu.co/,2020-11-29
001,Escuela superior de Administración Pública-ESAP Virtual,22238,00,00000,graduados@esap.edu.co,https://www.elempleo.com/co/sitio-empresarial/esap,SI,https://www.elempleo.com/co/sitio-empresarial/esap,2020-11-29
001,BOLSA DE EMPLEO UNI QUINDIO-VIRTUAL,22239,00,00000,egresado@uniquindio.edu.co,http://www.uniquindio.edu.co,SI,http://www.uniquindio.edu.co,2020-11-29
001,www.empleos.uniasturias.edu.co,22240,00,00000,bienestaryegresados@asturias.edu.co,http://empleos.uniasturias.edu.co/,SI,http://empleos.uniasturias.edu.co/,2020-11-29
001,ESCUELA COLOMBIANA DE REHABILITACIÓN,22242,00,00000,profcomunicaciones@ecr.edu.co,https://portalempleo.ecr.edu.co/,SI,https://portalempleo.ecr.edu.co/,2020-11-29
001,CORPORACIÓN UNIVERSITARIA DEL HUILA-VIRTUAL,22244,00,00000,egresados@corhuila.edu.co,http://standlaboral.corhuila.edu.co/,SI,http://standlaboral.corhuila.edu.co/,2020-11-29
001,Universidad Santander,22249,00,00000,GRADUADOS@UDES.EDU.CO,http://tutrabajo.udes.edu.co,SI,http://www.udes.edu.co,2020-11-29
001,Corporación Universitaria Unitec-Punto Virtual Restringido,22255,00,00000,ericka.garcia@unitec.edu.co,http://tutrabajo.unitec.edu.co/,SI,http://tutrabajo.unitec.edu.co/,2020-11-29
001,Unibersidad Libre-Virtual Restringido Bogotá,22258,00,00000,egresados@unilibre.du.co,http://mitrabajo.unilibre.edu.co/,SI,http://www.unilibrebaq.edu.co/unilibrebaq/index.php/37-egresados/150-bolsa-de-empleo,2020-11-29
001,PUNTO VIRTUAL,22261,00,00000,CENTRO.GRADUADOS@UCP.EDU.CO,http://www.elempleo.com/sitios-empresariales/colombia/universidad-catolica-pereira/index.html,SI,https://www.elempleo.com/sitios-empresariales/colombia/universidad-catolica-pereira/index.asp,2020-11-29
002,PUNTO PESENCIAL,22261,66,66001,CENTRO.GRADUADOS@UCP.EDU.CO,Avenida de las américas No 49-95,SI,https://www.elempleo.com/sitios-empresariales/colombia/universidad-catolica-pereira/index.asp,2020-11-29
001,Politécnico Colombiano Jaime Isaza Cadavis-Medellín,22264,00,00000,nfescobar@elpoli.edu.co; empleograduados@elpoli.edu.co,http://www2.politecnicojic.edu.co/polidinamico/poligraduadosbolsa/pdgrmenubolsa.php,SI,http://www2.politecnicojic.edu.co/polidinamico/poligraduadosbolsa/pdgrmenubolsa.php,2020-11-29
001,PUNTO VIRTUAL LA SALLE,22278,00,00000,oguevara@lasalle.edu.co,http://miempleo.lasalle.edu.co,SI,http://miempleo.lasalle.edu.co,2020-11-29
001,Unidades Tecnológicas de Santander,22288,00,00000,hramirez@correo.uts.edu.co,http://www.trabajando.uts.edu.co,SI,http://www.trabajando.uts.edu.co,2020-11-29
001,UNIVERSIDAD DE ANTIOQUIA,22289,00,00000,egresados@udea.edu.co,http://www.elempleo.com/colombia/Files/BasesUniversitarias/universidad-antioquia/Home.aspx,SI,http://www.elempleo.com/colombia/Files/BasesUniversitarias/universidad-antioquia/Home.aspx,2020-11-29
001,ETITC,22295,00,00000,egresados@itc.edu.co,http://empleabilidad.itc.edu.co/,SI,http://empleabilidad.itc.edu.co/,2020-11-29
001,UNIVERSIDAD TECNOLÓGICA DE BOLÍVAR-VIRTUAL RESTRINGIDO,22299,00,00000,gmuvdi@utb.edu.co,http://empleo.utb.edu.co,SI,https://personas.serviciodeempleo.gov.co/,2020-11-29
001,PUNTO VIRTUAL RESTRINGIDO,22300,00,00000,angelacaceresmarin@gmail.com,http://www.elempleo.corposinfronteras.edu.co,SI,http://www.elempleo.corposinfronteras.edu.co,2020-11-29
001,punto virtual autonomic,143040,00,00000,nmunera@autonomicmind.com,https://autonomicmind.com/es/,SI,https://careers.autonomicmind.com/candidate,2020-11-29
001,Fundación Academia SINÚ-Virtual,15287,00,00000,registroycontro@academiasinu.edu.co,WWW.ACADEMIASINU.EDU.CO,SI,WWW.ACADEMIASINU.EDU.CO,2020-11-29
002,Fundación Academia SINÚ-Centro de empleo Montería,15287,23,23001,registroycontro@academiasinu.edu.co,CALLE 17 A # 9-93 BARRIO LA JULIA,SI,WWW.ACADEMIASINU.EDU.CO,2020-11-29
